,feature name,feature value,min,1q,median,3q,max,mean,sd,n (nearest 5),kfold
0,stroke_severity_arrival,0.0,-21.796187154543585,-10.952970986565342,-9.53653763701208,-6.983351998158614,9.139646071773022,-8.80088859643494,3.249562356971695,7340,0
1,stroke_severity_arrival,1.0,-27.5694549332757,-13.576577751366422,-12.165039659206522,-10.230191299107391,5.6926721827045546,-11.720504905252783,2.9623129756991733,7510,0
2,stroke_severity_arrival,2.0,-24.593208540733904,-11.743107188858557,-10.089444171488285,-7.7905424052942545,6.842978307546582,-9.666115557241186,3.0421126389445634,9715,0
3,stroke_severity_arrival,3.0,-24.126070913366274,-9.556157833639299,-8.047790997514968,-5.925676798573695,7.257324538421817,-7.737015643080636,2.8797822663698702,8210,0
4,stroke_severity_arrival,4.0,-15.251653565904126,-6.604618573167245,-4.592698788037524,-1.995142792860861,8.818092776793055,-4.358447075853583,3.1622780702475275,6485,0
5,stroke_severity_arrival,5.0,-13.736043795412407,-4.522315997378027,-2.3726593941962344,-0.35213787038897865,5.90402885396732,-2.4964282409616,2.814327531155727,5085,0
6,stroke_severity_arrival,6.0,-16.531021250234918,-2.1277586448827064,0.185099584084237,2.1557211152598033,8.142609418608481,-0.16949515932496592,2.8839253000370695,4300,0
7,stroke_severity_arrival,7.0,-11.867132800251712,0.6104217110050376,2.3980751428147777,3.7865709976060318,9.186397207991686,2.026540060968967,2.5227669978601677,3255,0
8,stroke_severity_arrival,8.0,-9.430648789254484,3.8856623594032134,5.7233749439311215,7.2090239053976255,14.911085388530045,5.3789698077849994,2.6117161143321876,2630,0
9,stroke_severity_arrival,9.0,-13.147660784760955,4.811533249975182,6.53337935264688,8.108696657200344,19.943558065736433,6.41873637420076,2.617536550963471,2195,0
10,stroke_severity_arrival,10.0,-11.235424136829097,6.643557978529715,8.217715489307885,9.850162749977025,17.124344554091802,8.173623966527089,2.4327223983582913,1910,0
11,stroke_severity_arrival,11.0,-5.897598544969224,6.952081078388728,8.534351000953466,10.18359941147035,17.73346050708322,8.433559644629938,2.657010756054137,1625,0
12,stroke_severity_arrival,12.0,-11.441296707233414,8.638202445888892,10.904697509971447,12.882444427055306,40.956417057975194,10.774235832082436,3.4077721437868416,1500,0
13,stroke_severity_arrival,13.0,-6.502957549809944,8.766121081161547,11.475443822280504,14.809058231598465,33.48556959015783,11.587588523189368,3.9963875053706652,1325,0
14,stroke_severity_arrival,14.0,-5.149353774071205,9.425579325794242,12.482825861060991,15.842438008466269,27.250889267912136,12.757386033250858,4.403491559950173,1255,0
15,stroke_severity_arrival,15.0,-4.750196556237061,9.214251190936192,13.279728832049296,16.675723573437427,31.927836620279123,13.073212117047447,4.861296555532452,1190,0
16,stroke_severity_arrival,16.0,1.6466807980556042,9.784133253236067,13.863713372852652,17.658764430072623,35.80612235487671,14.00011860388553,5.143135748109065,1130,0
17,stroke_severity_arrival,17.0,0.11344039987772703,8.211932817632333,12.773325727788034,16.786261877666693,32.76350783837028,12.68553064254061,5.582258925225561,1110,0
18,stroke_severity_arrival,18.0,-1.0858524416433648,8.541437016888521,13.136656825928949,17.752662270641885,37.145705798096024,13.493293373899622,6.183754479517095,1095,0
19,stroke_severity_arrival,19.0,-14.864606125543359,8.257719076299107,12.541782631985843,17.312355844633423,37.359697328130714,12.986373701888228,6.473715585315137,1095,0
20,stroke_severity_arrival,20.0,-0.22840269143693148,6.668993356202264,11.560930263171905,16.400570600293577,56.34787438935135,11.947812630269041,6.779877779088073,945,0
21,stroke_severity_arrival,21.0,-3.531253555326257,5.116133084741305,10.380437423025723,15.339819121594191,41.03271615661448,10.73520375745772,7.019155810930645,895,0
22,stroke_severity_arrival,22.0,-3.1812774810241535,6.025602977555536,10.873849279590651,16.404243850852655,49.868998923345934,12.294358262809538,8.554789062178846,820,0
23,stroke_severity_arrival,23.0,-8.581112302159891,2.609985272003687,7.748474228268023,13.717318686193613,43.59894671322312,8.878145181275784,7.9506841974046845,750,0
24,stroke_severity_arrival,24.0,-10.734016677020117,1.5122160057345173,6.362098973967368,12.839400205079,48.963380556772464,7.668391834728765,7.865511489767747,685,0
25,stroke_severity_arrival,25.0,-8.566144422967918,1.8127499210624956,5.839821109587792,12.239255873061484,41.64793516822625,7.558464535245179,7.791495049040504,605,0
26,stroke_severity_arrival,26.0,-8.316100781299173,-1.5167609388905112,2.233628166024573,8.150814100304562,47.42300472914707,4.056343060374413,8.23549124037839,530,0
27,stroke_severity_arrival,27.0,-11.188230457394384,-2.9833305652206765,0.8068461279850453,7.128120341524482,48.726633344262375,3.0894589386370805,8.84683403954684,430,0
28,stroke_severity_arrival,28.0,-10.181403999155155,-3.819663390207861,-0.6024044537969167,5.371192325684533,63.92096575829666,1.8814821567215207,8.92870849303477,360,0
29,stroke_severity_arrival,29.0,-11.665959028959042,-5.350674792265053,-2.5944667776860295,2.692812556849094,35.60643934294349,-0.18031605874547957,8.3639143463975,265,0
30,stroke_severity_arrival,30.0,-16.37077562218532,-10.423465815149248,-6.778249873933382,-1.888705042626243,26.3785108636762,-5.402200650276392,7.072303434245718,215,0
31,stroke_severity_arrival,31.0,-17.1942673145188,-8.598642578910804,-5.522638613630551,-3.1736144551530012,18.052701369135175,-4.920631998555697,5.646447014820806,155,0
32,stroke_severity_arrival,32.0,-14.86812567191664,-8.002557215896086,-5.299242356104077,-0.6736150450957938,17.888032451099715,-3.817789820280269,6.4635395016662205,150,0
33,stroke_severity_arrival,33.0,-16.819393473051022,-11.946345732524058,-8.834405280950012,-3.0741037520550893,38.10113296819385,-6.500617392300538,8.860405854490555,90,0
34,stroke_severity_arrival,34.0,-17.149155203178523,-12.377906161696302,-8.363373495771084,-3.060070086487394,35.54108449013671,-5.984056310082126,9.17415604542202,90,0
35,stroke_severity_arrival,35.0,-19.549797289373817,-9.61157072752656,-6.615553305274225,-2.0188317051209745,15.040239081627224,-5.523283231387122,6.607465090076794,65,0
36,stroke_severity_arrival,36.0,-16.460794279633557,-12.555652399595129,-10.384368323767557,-7.25849275261804,34.37229830353521,-8.092076034667524,8.689193370835918,65,0
37,stroke_severity_arrival,37.0,-18.230770531765884,-14.102901194200967,-11.12453419713187,-4.105916882132878,53.44949519858696,-6.348121791166487,14.479319105376216,50,0
38,stroke_severity_arrival,38.0,-18.026359888808802,-14.226233461470692,-12.576962489921133,-8.88093601937493,64.32679331025109,-9.44809277012896,11.534977465289952,60,0
39,stroke_severity_arrival,39.0,-19.136336319569963,-18.22011675133981,-16.56588707256713,-14.642514581587747,-4.7762566197791605,-15.789777512619038,3.3309849758362557,20,0
40,stroke_severity_arrival,40.0,-33.16048513983376,-20.063772877862792,-18.447326975615,-15.776976792108616,10.856740752845072,-17.353757526405403,6.533634216450021,65,0
41,stroke_severity_arrival,41.0,-27.745654985841828,-15.41869350866269,-11.586587723382399,-10.317569679152802,21.33603731509531,-11.564861929064792,9.821402114383192,15,0
42,stroke_severity_arrival,42.0,-23.2555273455102,-14.434242329791886,-11.782142263180576,-7.015055772974156,62.3942156151752,-8.751467621479,11.025477339337634,95,0
43,prior_disability,0.0,-18.92255489225965,-2.2027919637877496,-1.491846215170808,-0.12436300811124965,16.535399149828592,-0.9453767601355676,1.919832396825869,39085,0
44,prior_disability,1.0,-10.493347028035204,-0.16406001425813885,0.3812155650369823,0.9453877576580271,15.547824699468912,0.4335845931125844,0.9611200336808337,13875,0
45,prior_disability,2.0,-8.85372078238055,2.256948462401051,3.127324706017971,3.7809770002029834,21.614477659063414,2.9732277614302847,1.3075367972157212,8760,0
46,prior_disability,3.0,-11.48593704806175,0.7544957517448347,3.6008602851885367,5.514653581416933,22.4842172484356,3.182162773471302,2.8981728512706524,9660,0
47,prior_disability,4.0,-16.064924583444373,-3.470147828304907,-0.32094784470740706,3.362836141110165,22.60778829864692,0.18178627352400745,4.238607932371765,4725,0
48,prior_disability,5.0,-15.603959404369816,-9.03981035781442,-6.633539616698399,-3.3689726949937175,19.792871634918264,-5.662283628752169,4.656694309963219,1270,0
49,age,0-60,-29.51437329068547,-0.8989042182895355,0.4702381389308721,2.6792989058227974,78.41058636768722,1.8293508111497336,5.439588755330395,12065,0
50,age,60-80,-14.248867560448126,-0.11337887017056346,0.6977981104003266,1.7229622237710283,38.059242117993996,0.972220541403392,1.8777106047180676,34015,0
51,age,80+,-20.452560063605198,-0.6084591180365533,1.6568304293672553,2.9163735345361053,12.017654530572472,0.7263863092811889,3.2820595288401155,31305,0
52,diabetes,0.0,-14.4009372676583,-0.8456871891138144,-0.6579446447698865,-0.40229722409974783,3.9833761468622835,-0.6453689371856349,0.5304338772362748,59790,0
53,diabetes,1.0,-11.993625529026612,1.5138002269458957,2.0958193823555487,2.577834512009286,21.71368831952568,2.024817410886443,1.2744953907398247,17595,0
54,precise_onset_known,0.0,-11.431176028521731,0.39557813469786196,0.5687845909735187,0.7206717582093553,5.337352893315256,0.5382980573063503,0.37332492102746295,52380,0
55,precise_onset_known,1.0,-13.757598099419846,-1.8305146648501978,-1.3918534461874514,-0.8390175919793547,23.01676345901098,-1.3353113720307497,0.9376438733182764,25005,0
56,infarction,0.0,-17.272529275342823,-1.1344921358209104,1.8772656809957697,2.9799450979556426,17.259102556649594,0.8216953590398888,3.101078667788983,9630,0
57,infarction,1.0,-3.1893457681461586,-0.31095233831787483,-0.12171438476769253,0.13763696292880923,4.845441291444003,-0.007262985845997497,0.4968865803905681,67755,0
58,IMD_2019_QUINTILES,1.0,-16.600846826438794,0.15554129097843541,0.6152852939069271,1.0019349857151973,14.248007796844467,0.5329666513559635,1.1055401822749398,15580,0
59,IMD_2019_QUINTILES,2.0,-12.219818311952986,0.022808371111750603,0.24931039249990136,0.48680825110757725,26.97190192781738,0.2391474581451605,0.7606927104410593,15335,0
60,IMD_2019_QUINTILES,3.0,-8.539839828265832,-0.13630075606284664,0.04427482123719528,0.2376022571604699,12.01138097081799,0.06795264732337646,0.5400931932971809,16025,0
61,IMD_2019_QUINTILES,4.0,-7.972943248045631,-0.4124565750081092,-0.19802110953256488,0.029034939792472868,6.6735587873263285,-0.1643770298706173,0.5994018004995457,15590,0
62,IMD_2019_QUINTILES,5.0,-10.864903039461932,-0.9840606029843911,-0.6994283932680264,-0.37824975868687033,33.03724332748447,-0.6673322028834208,0.8661356980348291,14855,0
63,any_afib_diagnosis,0.0,-19.220686728945,-0.39071313094813376,-0.2463124595861882,-0.05729023855528795,8.33754851882346,-0.2534420066116863,0.5067620791469813,58790,0
64,any_afib_diagnosis,1.0,-10.529238122105598,0.21305761029478162,0.6853157776221633,1.1045349519094452,14.901417608452029,0.6641762034985096,0.7692881239681998,18595,0
65,stroke_severity_arrival,0.0,-20.13494848296279,-10.57357377177279,-9.502924271860394,-7.533257232760661,31.64074661422288,-8.808151570707086,2.735384248628274,7230,1
66,stroke_severity_arrival,1.0,-22.864809506419114,-13.186744318509009,-12.145121562436689,-10.477317412986885,2.085472821916919,-11.610447678855738,2.405344765060107,7780,1
67,stroke_severity_arrival,2.0,-18.562883363766595,-11.42255674652639,-10.213431981431786,-8.366670958385804,4.025314787474927,-9.732949640626948,2.381372497196122,9625,1
68,stroke_severity_arrival,3.0,-17.992021454714703,-9.297287894876208,-8.110851805538404,-6.223472119754296,14.36418116080924,-7.718298074492515,2.295393731776317,8080,1
69,stroke_severity_arrival,4.0,-12.552565271658823,-6.384727816841914,-4.897104321179214,-2.8503315186372493,3.909860006587114,-4.66469833995077,2.502424894375205,6680,1
70,stroke_severity_arrival,5.0,-12.736254112520255,-3.8098259405931456,-2.338135413334239,-0.5414965369924902,26.98488369569881,-2.324479257435796,2.3794314796792,5130,1
71,stroke_severity_arrival,6.0,-12.27882193976082,-1.5304163243458606,0.030071412024553865,1.4484235188341699,11.757930503904355,-0.15515953602417737,2.2320870465562836,4165,1
72,stroke_severity_arrival,7.0,-9.836824554773047,1.4427352881035767,3.0913924297783524,4.230615947825136,17.331055509678553,2.7038748221395736,2.118985669328856,3235,1
73,stroke_severity_arrival,8.0,-15.42062094469089,4.010811535735847,5.751019713252317,6.911330366574694,11.128971310674679,5.331056842127602,2.349511644897,2665,1
74,stroke_severity_arrival,9.0,-7.665579658655916,4.880801034336909,6.422183369428385,8.038334441639018,14.918371377827134,6.424299595915264,2.2464230103562284,2155,1
75,stroke_severity_arrival,10.0,-10.629550546549726,7.020173982463311,8.668654170820956,10.597958221373847,24.07061581267975,8.766680221930729,2.573649204706325,1800,1
76,stroke_severity_arrival,11.0,-4.769310750029981,7.215017515111249,8.992281912791077,11.222653079598677,19.795062223442365,9.19297181591737,2.834251187888437,1590,1
77,stroke_severity_arrival,12.0,-3.9725385701307094,8.524860693267547,11.070141032993561,13.396280092834205,22.52614269931917,10.86738848050858,3.220365252721029,1450,1
78,stroke_severity_arrival,13.0,-7.245857871450717,9.210811303530354,12.271734632535372,15.066057686759159,21.775494196093643,12.190744245157319,3.7838060105769844,1320,1
79,stroke_severity_arrival,14.0,1.5299497126694768,11.19158715853293,15.375092003177851,18.63059708992252,42.97016149563249,15.150154071037027,4.965472486884609,1280,1
80,stroke_severity_arrival,15.0,-0.21591599812265486,10.761625531734898,14.795363464839756,18.437312847285067,31.08778166568605,14.776650462258111,5.202986571976542,1140,1
81,stroke_severity_arrival,16.0,-1.9007509899465367,10.484293619558448,15.517203977504977,19.573200231440133,42.52834836429916,15.385039674941817,5.852168238480676,1100,1
82,stroke_severity_arrival,17.0,0.49532228930387645,9.564082045258255,14.887025081317406,19.78387921063695,35.19108480174094,14.887851188747128,6.227291599128698,1190,1
83,stroke_severity_arrival,18.0,-1.4112298165820538,9.56395035271533,15.073067826377228,20.0841929257859,43.103467418919315,15.050132594380337,6.785388098828332,1085,1
84,stroke_severity_arrival,19.0,-1.972706587864086,9.065134807834403,13.900763553725556,18.883957588399063,38.7792074380815,14.206448313783074,6.626285390216465,1130,1
85,stroke_severity_arrival,20.0,-1.8878298616129905,7.994123197046574,13.983087574427191,19.32561776355491,48.74449853605125,14.266381436743606,8.04877481066301,995,1
86,stroke_severity_arrival,21.0,-2.338695647655986,6.835029255197151,12.456336520083713,18.400897419700634,41.26967326726299,13.156691120759438,7.962235011807357,920,1
87,stroke_severity_arrival,22.0,-2.98557125905063,6.722614159672521,11.744821228371002,17.894025634201245,49.150124697471036,13.194497415597846,8.311548935349695,790,1
88,stroke_severity_arrival,23.0,-9.991047415409703,3.752689150099177,8.744410087990108,15.914647246622481,47.72928150028922,10.219426897539986,8.495171218508887,810,1
89,stroke_severity_arrival,24.0,-11.239216602779925,1.6395611341809855,6.354416029357817,12.782815440612612,39.05013954247348,7.4425072150304326,7.675535729349514,705,1
90,stroke_severity_arrival,25.0,-7.406695757461712,2.5535428303480145,7.472300293585286,14.322263733731816,51.5181765620457,9.23459127967823,9.083409651015835,630,1
91,stroke_severity_arrival,26.0,-9.455379029200412,-0.39856335961259903,3.5980129613587635,10.459128985684366,38.67208240824519,5.739891001005099,8.472003085883223,535,1
92,stroke_severity_arrival,27.0,-15.879902656688355,-2.28796794546186,0.9465524224145339,5.907422436689958,47.83023891936871,2.5597243324671757,7.90089696883138,435,1
93,stroke_severity_arrival,28.0,-12.189331600775477,-3.311778947787825,-0.254660802972503,4.309922707236838,43.16723737476045,1.5788296762271785,7.8252270260500545,365,1
94,stroke_severity_arrival,29.0,-11.18181390888989,-4.094218462849967,-1.7775645533925855,3.207322567871306,41.762386737114284,0.613070657498382,8.173867725516292,235,1
95,stroke_severity_arrival,30.0,-16.260234487964773,-8.507109191499184,-5.033083257696125,-0.38543590427143504,27.140713802040555,-3.4125041072702436,7.7233201298511895,230,1
96,stroke_severity_arrival,31.0,-17.438120558802037,-9.905561515383887,-5.694806244154461,-1.0844345239270479,9.897177021200768,-5.061610107333258,6.225259668597823,140,1
97,stroke_severity_arrival,32.0,-15.548091143970378,-9.73384880839847,-6.705104565126821,-2.419942252165638,21.842403591843322,-5.467097099711967,6.298050604822368,150,1
98,stroke_severity_arrival,33.0,-17.82592136518564,-11.06315317960456,-7.623198829356116,-1.6333708290429785,40.32877579535358,-5.058818252745377,10.413625732147972,100,1
99,stroke_severity_arrival,34.0,-16.45450068620499,-13.9408550761058,-10.3258204527013,-6.785419267539982,32.512103637112304,-8.48245399041868,7.9527630887537715,80,1
100,stroke_severity_arrival,35.0,-17.272093203910625,-11.929090506293578,-8.530312192072161,-4.107997862163465,29.167461051102727,-5.697010864011704,9.676684345330548,75,1
101,stroke_severity_arrival,36.0,-21.64898689292837,-13.606022806608816,-9.688334310476204,-6.4542323924246014,39.9164766329457,-7.346808619718563,11.137974399942639,40,1
102,stroke_severity_arrival,37.0,-15.527378498627805,-11.368782744297642,-8.086800515040522,-3.4563283911696634,47.229090192492585,-5.300549185827665,11.104302663633716,40,1
103,stroke_severity_arrival,38.0,-18.01715686293552,-15.913570712510264,-13.021295309567357,-8.287342995619401,23.690298689866903,-10.163278938241813,8.94100633764901,35,1
104,stroke_severity_arrival,39.0,-21.407041765940377,-17.193162409630602,-15.30802902712021,-12.393930020370753,17.515833021728323,-13.857952051154935,6.69204304947867,35,1
105,stroke_severity_arrival,40.0,-29.48334207525244,-19.478436840642242,-18.062230592481793,-15.513909417341928,13.519419813458807,-16.244780318425466,6.875206609077569,65,1
106,stroke_severity_arrival,41.0,-18.93066233603284,-13.80570048239082,-9.33649997729808,-6.628806316917762,6.363023388648871,-9.351047808847811,6.199595622275262,20,1
107,stroke_severity_arrival,42.0,-23.153341755084693,-15.980897381459362,-13.29261730708182,-8.368790887421929,51.14636297467281,-11.22350197292246,8.875904998652798,110,1
108,prior_disability,0.0,-9.782287489022128,-2.3344302670285106,-1.8589349320949986,-0.8336537631927058,15.479224519277922,-1.432925595670533,1.3470401818935938,39265,1
109,prior_disability,1.0,-8.310041157929227,-0.2183816164988093,0.09403433146188035,0.4593996259081177,16.731281369733622,0.1331835549846368,0.6858448971347246,13655,1
110,prior_disability,2.0,-8.838139811581932,1.916056583733298,3.0052113400399687,3.881746914987452,18.53633757527452,2.8284543457549205,1.522738028912166,8715,1
111,prior_disability,3.0,-11.837509677484631,-0.1479136856738478,3.1060822473233567,5.3306033465778455,15.009902592604048,2.6688369062993957,3.2538936637275566,9630,1
112,prior_disability,4.0,-12.99055863547139,-4.133240958652459,-0.7363010794855654,3.3005046022636817,21.969150997078977,-0.20198221834513452,4.692363347439267,4845,1
113,prior_disability,5.0,-20.134694139193744,-10.243504969284404,-7.486880933027715,-3.0531668738322333,21.971944431653245,-6.194432811621732,5.286647695006699,1250,1
114,age,0-60,-32.04026248645969,-3.06418739579618,-2.043546238383278,-0.6071811147127301,65.16661430871812,-0.8633021160297142,5.063760592489994,12045,1
115,age,60-80,-12.68588640345959,-1.345372435823083,-0.42730624686228114,0.5294914586737286,30.081687726706733,-0.2719186052002869,1.7583406475272598,34155,1
116,age,80+,-24.046212725383228,-1.3323739512712927,1.0504453774285503,2.486938954090001,20.537556629530155,0.1763008445847206,3.4612610944179005,31185,1
117,diabetes,0.0,-13.699238815782591,-0.7356511277519167,-0.6178935055248439,-0.41906494938302785,2.851674127234146,-0.5802573726324181,0.42726490559707814,59605,1
118,diabetes,1.0,-9.050431434521451,1.654921993992757,2.2772740589268508,2.7435881659784354,42.17074023469351,2.1517533798941284,1.4227521318435594,17780,1
119,precise_onset_known,0.0,-6.0788255824916995,0.46267787214368583,0.6767050516512245,0.8501874914998189,8.438291589645669,0.6523971787976581,0.40910613933774603,52615,1
120,precise_onset_known,1.0,-16.638402996473015,-1.69192626404576,-1.3127173044718803,-0.8762213436374441,7.583119275318459,-1.3054391686895868,0.8530592318464882,24770,1
121,infarction,0.0,-17.57311561428476,-0.23502864362322726,2.6126590341533302,3.7153725876519457,31.920430105924606,1.622236039117235,3.1147812133214976,9400,1
122,infarction,1.0,-12.184493454792538,-0.7188461393862963,-0.5711156849423423,-0.31342042664997277,3.242311516185291,-0.44618977457948905,0.48041888000005106,67985,1
123,IMD_2019_QUINTILES,1.0,-18.702081310502255,0.4595169341535075,0.9065938315284439,1.2425867444067262,19.918653642912396,0.8213340658582039,1.1103990030859365,15540,1
124,IMD_2019_QUINTILES,2.0,-14.777329144846881,-0.13717376658460126,0.09073662281502039,0.2780817198753357,21.168020796112252,0.08437258220076715,0.6844834189846415,15035,1
125,IMD_2019_QUINTILES,3.0,-8.821368920679669,-0.1565982483746484,0.008123410618864,0.18788550453726202,9.357971395286732,0.047316903008992994,0.5837353596648078,16065,1
126,IMD_2019_QUINTILES,4.0,-7.726995865290519,-0.5015955714942538,-0.3142083246121183,-0.07760944543522783,16.7364683873998,-0.27427755991483627,0.5823754845025951,15810,1
127,IMD_2019_QUINTILES,5.0,-11.63985197925009,-0.8337741318819463,-0.563361185734393,-0.25331184883252716,23.330804483026732,-0.5443106113073807,0.8732671107703361,14935,1
128,any_afib_diagnosis,0.0,-18.68505648572929,-0.5033631884912029,-0.32383446872234345,-0.14261690692976117,3.785312247448601,-0.34451034421401616,0.501453942215093,58655,1
129,any_afib_diagnosis,1.0,-7.019887933321297,0.5282387100788766,1.0069262227416038,1.4808708790503442,33.39248178234324,1.0134473035838125,0.8839397985056696,18730,1
130,stroke_severity_arrival,0.0,-17.445659342771396,-9.724522773909849,-8.462978145061061,-6.084096239223145,48.189075244846755,-7.741496635533892,3.0882883335603686,7250,2
131,stroke_severity_arrival,1.0,-23.115958768040873,-12.507749868899118,-11.313994645469357,-9.641030559986248,0.9196950122260023,-10.898016019881414,2.5383572002503874,7725,2
132,stroke_severity_arrival,2.0,-17.05261414438253,-10.789105357129593,-9.482908360580915,-7.550938954692101,7.040413112698588,-9.075470975635216,2.563366050002654,9430,2
133,stroke_severity_arrival,3.0,-17.346473053086083,-8.667229051799513,-7.3688855905947275,-5.744518688406097,1.0111757284833585,-7.175754626028259,2.3082643386535917,8225,2
134,stroke_severity_arrival,4.0,-17.25534445483936,-5.846033627413563,-4.353411430564011,-2.4213415250275285,7.522115020875353,-4.254835448642623,2.587259413201164,6760,2
135,stroke_severity_arrival,5.0,-14.700494060097263,-3.6804877170640977,-1.7971633961750195,-0.2647595791332424,9.154788076544646,-2.1017834333480963,2.5241794615343744,5155,2
136,stroke_severity_arrival,6.0,-11.773914190602955,-1.1408111745258793,0.8837054920208175,2.1115340336720694,7.251005967042874,0.3636693381930936,2.4145999136366574,4315,2
137,stroke_severity_arrival,7.0,-13.44629825205775,1.5471647942357232,3.275284907007881,4.10292033924954,20.614497428059114,2.70933063248332,2.2830688066462717,3170,2
138,stroke_severity_arrival,8.0,-26.23399362999713,4.0876675011985935,5.699977437173947,7.051286600744351,28.1491465712036,5.357570267523128,2.6155959872342978,2575,2
139,stroke_severity_arrival,9.0,-11.769020295832306,5.06747556806833,6.836858761496842,8.895338044723031,13.455364670639392,6.854737447040517,2.637027844947713,2175,2
140,stroke_severity_arrival,10.0,-18.01065093211015,7.040619721218827,9.019713344583288,11.140593363293448,16.356546100007836,8.954796304964576,3.013599358496482,1865,2
141,stroke_severity_arrival,11.0,-10.057377383050044,7.74050998197461,10.054109735778766,12.518774876360549,22.883839210865553,9.981358862669149,3.260274172918424,1620,2
142,stroke_severity_arrival,12.0,-11.275022002602928,9.22828540276969,12.220462322010427,15.297226689574309,37.03260186826577,12.252940183630853,4.003068223837009,1415,2
143,stroke_severity_arrival,13.0,-7.769957557171583,9.678964647643735,12.689164611382292,16.78148605168419,27.917840673681347,13.12062349032046,4.482492671142403,1360,2
144,stroke_severity_arrival,14.0,-11.117417341866531,11.004105957215652,15.088241226080573,18.183384719949974,38.17901166283526,14.631382861181816,4.819105754783818,1270,2
145,stroke_severity_arrival,15.0,-9.978267609863542,11.59908596538764,16.106484915890036,19.794674792186417,31.631998970804272,15.932191679668916,5.408906812593104,1170,2
146,stroke_severity_arrival,16.0,2.529068899161648,12.069506685915403,16.58126877835486,20.55687934181653,38.12516589510953,16.52129894494685,5.576054089102499,1110,2
147,stroke_severity_arrival,17.0,-7.2120617377758025,10.3248180468427,15.456949257062515,20.014131888629635,46.2614365226496,15.361634026737736,6.558914693672339,1115,2
148,stroke_severity_arrival,18.0,-5.561314527951181,11.216815281793242,16.331211740714497,20.970242553341667,43.943182797662445,16.47073667583199,6.651584523068749,1120,2
149,stroke_severity_arrival,19.0,-10.161137805357576,9.46059988162131,15.149843792153987,19.619292361189146,50.84096543488791,15.071500315710475,7.234777292909637,1025,2
150,stroke_severity_arrival,20.0,-8.706923702741042,8.504767085867643,14.00886776026222,19.14764038841007,47.18279040141264,14.608597622134921,7.987425123466956,945,2
151,stroke_severity_arrival,21.0,-4.4123856147308835,8.077743621210102,13.606095276814886,19.275696907655508,40.70817935725907,14.141867296588412,7.832987291503994,845,2
152,stroke_severity_arrival,22.0,-2.8415244641061874,7.809364934677433,13.886911782176465,20.722916677406758,49.31664678378264,14.770425045662975,8.569329629835972,840,2
153,stroke_severity_arrival,23.0,-3.226877582890447,5.693092324801255,11.037056257666555,17.28436323766538,45.3480230374774,11.764375002251601,7.838687387833839,810,2
154,stroke_severity_arrival,24.0,-7.743486511455849,3.662685367858503,8.463581005535088,15.434412920838803,56.45157241295558,9.805112596976398,8.273843578795377,720,2
155,stroke_severity_arrival,25.0,-4.333099453696049,3.443371292480151,8.190804592260974,15.543410014680703,45.72348230831325,9.952810755252264,8.20924696373831,605,2
156,stroke_severity_arrival,26.0,-10.408733848459088,0.6374947103345767,6.18226915965206,12.067996978675364,59.17506840355461,6.9641607931624065,8.558483525498287,540,2
157,stroke_severity_arrival,27.0,-7.872685931462329,-0.11189964592049365,4.2587537109391995,11.780763059341407,44.982028204062956,6.456545853527127,9.045513390314653,450,2
158,stroke_severity_arrival,28.0,-10.145157536880578,-1.2098312412545784,2.7342939440812914,8.53104826446739,40.18987662165659,4.383283211636393,8.28856499517325,390,2
159,stroke_severity_arrival,29.0,-12.301015772854443,-4.38959867780679,-0.9386483178753405,3.677298708682647,28.038614220859017,0.24156911218963972,6.550732456405983,250,2
160,stroke_severity_arrival,30.0,-12.28622469510301,-4.637270581589545,-0.7181826206180267,4.333157515003113,42.645030249245465,1.085879317547377,8.856886072933566,255,2
161,stroke_severity_arrival,31.0,-14.369189435201697,-7.649860284156166,-5.013144452860579,0.46056729812640695,18.788404300783295,-2.941112012650616,6.881024446802683,155,2
162,stroke_severity_arrival,32.0,-28.46466391936876,-7.759048885147059,-3.5356135195354,0.49284161562565715,19.484560327406506,-2.9400097023457508,6.9734537972232555,115,2
163,stroke_severity_arrival,33.0,-17.90276074678637,-10.456504223411903,-7.540762465589214,-2.5419621628941966,24.745957540345845,-5.492816771325306,8.341898686419277,100,2
164,stroke_severity_arrival,34.0,-24.45593445483595,-14.987198904459365,-11.333116230200977,-4.727878804141655,26.325583924581295,-9.06610774002035,8.763714998516623,75,2
165,stroke_severity_arrival,35.0,-14.630832191840746,-6.766192336727399,-4.3939693811413605,0.23243157668301137,57.8732375182095,-1.6608290785992277,12.10167250606094,50,2
166,stroke_severity_arrival,36.0,-16.443440609080717,-11.375907457679858,-8.707982866063249,-4.412575575932861,18.24836183283711,-6.495528746165601,7.4415359256091715,55,2
167,stroke_severity_arrival,37.0,-15.52163814226631,-11.9735417908174,-9.470807770282264,-2.3789474272940425,41.59060027630767,-5.1032424678736605,11.388349788379909,65,2
168,stroke_severity_arrival,38.0,-14.902866038513602,-12.102738449439638,-8.996158698889193,-1.0599006321723572,17.287082515554502,-6.467227754232666,7.029224593024436,45,2
169,stroke_severity_arrival,39.0,-17.492836596991403,-14.97241852860432,-13.281306522116065,-9.104105846125167,-1.2559810258215294,-11.36544390070948,5.048269864019078,30,2
170,stroke_severity_arrival,40.0,-19.512881295853294,-16.841764439070978,-14.84980264303449,-10.945306819146207,21.220603554118426,-12.367569250877057,7.327396174731156,60,2
171,stroke_severity_arrival,41.0,-16.108685228894466,-11.42258234577719,-6.822663325315807,-3.2709560719295405,10.894339867243543,-6.510733824187498,6.079952183692719,20,2
172,stroke_severity_arrival,42.0,-18.400338262445292,-12.01152101188898,-8.216772408611142,-3.185101951088873,42.359099387668536,-5.376073490472138,10.367073186084731,95,2
173,prior_disability,0.0,-10.355764036145992,-1.7521788629563526,-1.249313269989798,-0.20600329908076673,12.44533577799797,-0.8152926128431367,1.4039977473298866,39050,2
174,prior_disability,1.0,-14.325670554651879,0.6583757796720602,1.037402846775949,1.4087687854422257,37.34024119679816,1.066386772704894,0.9562470281159267,13865,2
175,prior_disability,2.0,-7.825847136890515,3.099265450499952,4.317860908596776,5.159367048868444,30.73864244635217,4.106400841088266,1.621739035318062,8615,2
176,prior_disability,3.0,-13.380542130442336,1.4715968112414703,4.8223250821325925,7.178902735911542,22.47886920878198,4.439882060578525,3.364883750112555,9725,2
177,prior_disability,4.0,-21.580454035704022,-2.5638695569010452,1.0695660893106833,5.1634451847476885,22.231327648875304,1.4835443296979092,4.839169070533886,4885,2
178,prior_disability,5.0,-19.030546984854155,-8.13833062918391,-5.272923148898408,-1.2296300165029244,33.81276099826209,-4.311532350813144,5.199551738835973,1235,2
179,age,0-60,-22.429270769751167,-1.6204032675176858,-0.4740279539185576,1.04081159297275,64.59632020783378,0.5540290312822269,4.699387794992328,12170,2
180,age,60-80,-13.03905141898198,-1.0798802929616067,-0.3542809982271865,0.5770114606118295,26.350352555257267,-0.1627140189438941,1.6098077245660176,33985,2
181,age,80+,-26.40060114498716,-1.9622491398232522,0.903815345511539,2.242390475437278,29.179439519891748,-0.2655721433683544,3.7696937799074033,31225,2
182,diabetes,0.0,-10.998762379796243,-1.0873941833199934,-0.8961208244645968,-0.6122056089987746,6.13517554984428,-0.8474865403186489,0.5829215800108736,59740,2
183,diabetes,1.0,-10.910698970400263,1.8941417450108564,2.412045339262113,2.8674522379320115,21.20174394653179,2.361770453074508,1.1609350945388324,17645,2
184,precise_onset_known,0.0,-6.837107136845589,0.36564748888835313,0.5207910373364575,0.6670413446892053,10.37284332643263,0.5002655971498222,0.33961680556952023,52660,2
185,precise_onset_known,1.0,-15.830099475733004,-1.9675314912426984,-1.5424291671812536,-1.0405662443913752,21.38695938164834,-1.504548812492384,1.0050709657814874,24720,2
186,infarction,0.0,-30.137826202237047,0.340341785014607,2.834750902671367,4.070949488165788,28.782726797512733,1.8661574403250052,3.3206587181141596,9635,2
187,infarction,1.0,-3.281828525662422,-0.48119943672791127,-0.35040294934995475,-0.16677628190955146,2.6651131947524846,-0.2807639682400316,0.33639182850594945,67745,2
188,IMD_2019_QUINTILES,1.0,-18.749425830408,0.21078455412120092,0.665331823604647,1.0664327049406712,15.534537318414078,0.598252074605535,0.9915645430189232,15725,2
189,IMD_2019_QUINTILES,2.0,-9.122598829949276,0.017743236668175087,0.23275876364670695,0.4645635952276643,21.13496571735479,0.25146498614786905,0.6480081746895997,15355,2
190,IMD_2019_QUINTILES,3.0,-9.466561816325411,-0.08918573234928773,0.10374162347754463,0.2776784519525245,7.975361965610646,0.09848601395055188,0.5192925378039592,15820,2
191,IMD_2019_QUINTILES,4.0,-11.229184877970257,-0.41938726785825564,-0.1997891907580197,0.07464812745340169,15.896483326635789,-0.1272745166235191,0.6149238881701923,15725,2
192,IMD_2019_QUINTILES,5.0,-9.079391192146577,-0.8027878736122511,-0.5131277842691634,-0.16019593340170105,27.23644221267663,-0.4463782159595764,0.9223699267227967,14760,2
193,any_afib_diagnosis,0.0,-12.192683194419368,-0.3270758536597714,-0.1814396416558884,-0.004460657873423771,5.91816502825357,-0.171442387894372,0.41338665980223566,58775,2
194,any_afib_diagnosis,1.0,-12.078468356579542,0.04408375514904037,0.7555138490954414,1.239159081800608,19.177466038679704,0.6496040849274275,0.9952162509156415,18610,2
195,stroke_severity_arrival,0.0,-20.534460417695808,-9.955551238373154,-8.835322624589317,-6.811639801326674,6.5924450133973735,-8.095665315010203,2.681018961111141,7230,3
196,stroke_severity_arrival,1.0,-23.533676887308246,-12.178125123610954,-11.124042781416792,-9.47550604955526,4.402759917201474,-10.559228322713354,2.2994155641706415,7720,3
197,stroke_severity_arrival,2.0,-15.799026796407997,-10.61858374989126,-9.475480219046585,-7.796065182704479,0.28792398859513924,-9.00210162607436,2.198548170189489,9505,3
198,stroke_severity_arrival,3.0,-14.408988814530893,-8.560401581049664,-7.380238802406238,-5.903309335600934,2.474101483700797,-7.087743145468536,2.0151695840145125,8145,3
199,stroke_severity_arrival,4.0,-11.626578111974522,-5.392178873317317,-3.8757591744395903,-1.9979347084253094,6.495648114678915,-3.6888019349739922,2.2437817249006553,6555,3
200,stroke_severity_arrival,5.0,-21.122173446333036,-3.2283028640272096,-1.5958471021521836,-0.18894146598759107,12.70558749760734,-1.7560007713069383,2.09019770208505,5225,3
201,stroke_severity_arrival,6.0,-16.727224104506895,-0.7912427440378815,0.7953513648279478,1.9288695669878506,7.760405879598111,0.48883427565207715,1.9844150139856247,4190,3
202,stroke_severity_arrival,7.0,-12.618991030988981,1.9097163557243766,3.170758952598553,4.033581240773783,8.798648929109332,2.846334602111814,1.9210687363030587,3230,3
203,stroke_severity_arrival,8.0,-5.692791850019712,4.573895904994569,5.875927539200056,7.087606100279372,20.02678544332506,5.72008115428964,2.0044966787850864,2585,3
204,stroke_severity_arrival,9.0,-2.0836349568050356,5.302560658539878,6.883653821470216,8.633324985655491,13.821407175716013,6.954954514562847,2.203115698523913,2190,3
205,stroke_severity_arrival,10.0,-5.367970725945197,7.336031214760151,9.082147283781087,11.309276183272013,24.17598632602487,9.21609973476638,2.6232859351492492,1835,3
206,stroke_severity_arrival,11.0,-8.870302865267732,7.936870053303428,10.099420394273475,12.256296276189387,26.112386496220715,10.056863311978827,3.033677805273961,1690,3
207,stroke_severity_arrival,12.0,-18.825119981052122,8.14718685126165,10.850497027931269,13.444596112115542,28.19354076326126,10.773361493849906,3.6523363861037237,1405,3
208,stroke_severity_arrival,13.0,-18.52421064169961,9.714761380031705,13.029040434178896,16.569095125691966,42.241012628572065,13.322020409462272,4.642642712187871,1280,3
209,stroke_severity_arrival,14.0,-3.767957438379526,10.345412044399417,13.957354562520049,17.364538632929325,35.5462695463188,14.135415088462715,4.941273266262448,1250,3
210,stroke_severity_arrival,15.0,0.19943267436698078,9.497997687400494,14.680194522780367,18.367975950886027,29.32701310202945,14.270887383793314,5.218001876641026,1185,3
211,stroke_severity_arrival,16.0,0.6714461609243881,10.082212817254476,15.863317407821306,19.601920340945945,38.31336122280918,15.315817289060742,5.960674341948726,1175,3
212,stroke_severity_arrival,17.0,1.6439243202377112,10.056720270790102,15.451704862271434,19.666378331007436,42.66058299565222,15.243915449757042,6.280110576585491,1155,3
213,stroke_severity_arrival,18.0,-2.5787358166184275,9.411719994337183,15.989663242462555,21.06428105218627,43.93865877354052,15.740980512646436,7.367017720664332,1165,3
214,stroke_severity_arrival,19.0,-4.14828161531128,8.65239621667424,14.591370495767332,19.558836485808715,40.32137767491862,14.391140991911833,7.0361665687707005,1105,3
215,stroke_severity_arrival,20.0,-4.201140267205192,6.525670968274936,12.874036040987122,18.796339359272388,46.66896658447571,13.634773095249194,8.540067861377787,985,3
216,stroke_severity_arrival,21.0,-2.1578289230261,6.100516907191486,11.750810765745118,18.113643054565763,48.760912429145534,12.851927359017779,8.143172796855461,950,3
217,stroke_severity_arrival,22.0,-2.629027072734898,6.591868363632821,12.422057713516988,18.868458364146065,53.01142411478795,13.356916253702405,8.740826524124477,820,3
218,stroke_severity_arrival,23.0,-5.8547364484518765,3.817332061356865,10.019518573232345,17.205734196563718,53.30325039808173,11.01595337985173,8.46255343356814,730,3
219,stroke_severity_arrival,24.0,-10.03966479890747,3.1977359344461003,8.340839394490468,16.07033140166779,40.03928340066457,9.912500687209457,8.250191587175891,675,3
220,stroke_severity_arrival,25.0,-8.132314249522752,2.577962108217471,7.843236942962394,15.681672201376934,45.86327736065723,9.49129004714411,9.080814596217035,650,3
221,stroke_severity_arrival,26.0,-30.17764438037411,0.079606917767087,4.374650689011905,13.264790503794792,54.613489001928826,7.045978078029484,9.726673844011403,560,3
222,stroke_severity_arrival,27.0,-12.225507729378297,-1.5729054360289592,2.3342928304208908,8.695537706763133,47.207618814068844,4.798435061894984,9.425829147805462,455,3
223,stroke_severity_arrival,28.0,-9.204900287627243,-2.5899734174320477,0.7246804180985782,6.2480060407368,43.31902435093652,2.810191864771544,8.412724116791043,370,3
224,stroke_severity_arrival,29.0,-12.748325875884621,-5.308103314691689,-1.896733728571562,3.398853106989409,34.52578581108712,0.3506445839788232,8.326633676277691,250,3
225,stroke_severity_arrival,30.0,-17.322405453396495,-8.216320607626695,-5.435978166024434,-0.8273091806381125,33.79360577894375,-3.4596531777442894,7.731886427127845,230,3
226,stroke_severity_arrival,31.0,-27.66108848382253,-10.065108656048542,-6.252673188500339,-3.0065755001225627,28.758287185658702,-5.80824164431321,6.497729908699785,140,3
227,stroke_severity_arrival,32.0,-16.65141907865531,-10.27489399919461,-6.67101921421825,-2.1945983826194424,24.735870260201626,-5.532166746688789,6.8312108151724455,155,3
228,stroke_severity_arrival,33.0,-16.617404036883965,-12.495685829917784,-9.396637955750922,-5.454679517523327,48.94057371583767,-7.4396985076871776,8.673023686787875,110,3
229,stroke_severity_arrival,34.0,-18.369788533387474,-13.360989637309977,-9.414877822507407,-4.91027678557788,18.938369545734023,-7.320137511549037,8.03585875872295,65,3
230,stroke_severity_arrival,35.0,-13.90669866546872,-9.056782706849043,-5.725301862604684,0.7670498853235039,48.06065736027435,-2.858557912590499,9.532401135492785,75,3
231,stroke_severity_arrival,36.0,-17.15749920217204,-13.593591499024477,-8.448759733259795,-2.242224487043277,5.9782403956132475,-7.38817382020548,6.793061774692108,45,3
232,stroke_severity_arrival,37.0,-20.151657000611305,-15.649801061347825,-13.162223227320938,-7.846807833801722,54.67882474089973,-9.261428893101247,11.654300909452697,55,3
233,stroke_severity_arrival,38.0,-20.23701518819551,-16.865736354266993,-13.957465713078854,-12.133792169750668,33.362909073177725,-12.796685679550427,7.9794850016289525,55,3
234,stroke_severity_arrival,39.0,-18.97670013734838,-15.884274397159462,-11.728977796501713,-6.413894317356171,90.40661280920729,-6.366844269195096,21.971969255076417,20,3
235,stroke_severity_arrival,40.0,-29.226326298197964,-20.76839893764147,-18.522296814168804,-13.626033993570601,14.666740850942443,-16.622327574450505,7.458469784736004,60,3
236,stroke_severity_arrival,41.0,-9.765172022596234,-7.259879655824625,-4.257904289906146,1.8833322033303557,17.473143494469113,-1.3888432868688834,7.554239491864489,15,3
237,stroke_severity_arrival,42.0,-22.864468856027816,-13.717125821172958,-11.626180350672222,-7.559382086264668,36.37483603570145,-8.426293362835423,10.329287976447747,90,3
238,prior_disability,0.0,-13.359073023872917,-2.590789642077871,-1.9070369764836506,-0.6362951366510242,14.98840727682924,-1.3922980150067015,1.782329149316903,39055,3
239,prior_disability,1.0,-10.008665567589924,-0.39677636354928836,0.06661645171232522,0.5913559870404423,13.783466926576802,0.12038298281487697,0.8354746190286211,13755,3
240,prior_disability,2.0,-9.420435197808548,2.2758301878755445,3.072614440426696,3.7846928920876235,10.0432335885684,2.971107156764243,1.2921161655669078,8800,3
241,prior_disability,3.0,-14.084881283130962,1.036832044152543,4.041083306584042,6.134678487761412,14.136123494002968,3.6335971729916716,3.081374476796714,9720,3
242,prior_disability,4.0,-18.28696174858138,-3.287314622304402,-0.3181116281822324,3.5906320875370876,19.808204453499055,0.30178000006729017,4.453332494518275,4855,3
243,prior_disability,5.0,-26.32073637721478,-8.765364781958052,-5.976258242286276,-1.994607992997626,45.72303365351166,-4.781771126043728,5.790603823176852,1195,3
244,age,0-60,-24.823864107949195,-2.670677863163,-1.7222018762631341,-0.17645317018032075,73.10504364572931,-0.46361407928955983,4.828100421911537,12065,3
245,age,60-80,-15.074306594820227,-1.1844939935504226,-0.13115564341889693,0.8617460613528964,29.22488728741184,-0.03448021787450462,1.7934288687145714,33970,3
246,age,80+,-22.998303718673995,-1.0639040202238539,1.4003743756824405,2.8932832629591574,18.31444261887722,0.4261979288703588,3.7086426230268845,31350,3
247,diabetes,0.0,-8.592512636273169,-0.9269226604374126,-0.7559051420819014,-0.49329572326969356,3.1070539328921587,-0.711948958331335,0.4745492432628373,59625,3
248,diabetes,1.0,-5.951983375474811,1.5150907399592688,2.2166240665933583,2.712661383886589,31.427281615657265,2.0547872788484893,1.341369843730872,17760,3
249,precise_onset_known,0.0,-8.611657073218375,0.4236085760034621,0.5995236549712718,0.7328711382858455,8.652831071717664,0.5626588461178804,0.36859516602985926,52380,3
250,precise_onset_known,1.0,-18.88014011525549,-1.8770438287267461,-1.479591830293648,-1.0327629487449304,18.650004484690726,-1.4657593067152856,0.9389314018888878,25005,3
251,infarction,0.0,-32.93186315454077,-0.33797533535165714,2.535299329891568,3.8069197044736938,15.819293740191497,1.5143357242406277,3.370348730227348,9640,3
252,infarction,1.0,-4.70107067386154,-0.4871185067854822,-0.35261020401492715,-0.15149288271553815,4.025565025103279,-0.265319841112401,0.37492918549247034,67745,3
253,IMD_2019_QUINTILES,1.0,-11.040048629152588,0.2530564915505238,0.6660068069165572,1.0510517084784805,16.11821632531239,0.6092098578034929,1.028525059208777,15640,3
254,IMD_2019_QUINTILES,2.0,-11.39960160872899,-0.014311283628921955,0.1818219815590419,0.37958213116275147,10.376884392346255,0.18427574468150087,0.6116698962764603,15380,3
255,IMD_2019_QUINTILES,3.0,-7.207412704876624,-0.2352286619297229,-0.08029117823811248,0.08158276943489909,8.23235201775562,-0.06790227420467952,0.4462729126464436,15785,3
256,IMD_2019_QUINTILES,4.0,-9.810783606288023,-0.5761811790312641,-0.36461273483932016,-0.13064783804351465,10.2803571273759,-0.3212998373407645,0.6010783951545051,15815,3
257,IMD_2019_QUINTILES,5.0,-9.468423760393634,-0.7516889501479455,-0.45008241418283434,-0.05696991569828242,12.813411752362736,-0.3944275152654776,0.80275201334999,14760,3
258,any_afib_diagnosis,0.0,-11.110174027886242,-0.2415929464250803,-0.13377798655070364,0.008707175375893713,4.664616490900516,-0.13456760807916293,0.30635632392968626,58705,3
259,any_afib_diagnosis,1.0,-14.218969331523404,0.2655727639805991,0.8456754102231935,1.2541219830187038,15.882269373079762,0.782041032561317,0.846301125341199,18680,3
260,stroke_severity_arrival,0.0,-18.14515366417123,-10.672355926941382,-9.71206096994225,-7.511342746210284,12.347616126185748,-8.895095579531061,2.6597127878641174,7440,4
261,stroke_severity_arrival,1.0,-17.472614831046666,-13.372547665685415,-12.348335297773591,-10.709353629127726,2.0372688175272198,-11.790346667244084,2.315376042690016,7505,4
262,stroke_severity_arrival,2.0,-21.249884396977723,-11.574533619754948,-10.52592608481762,-8.768111392785212,-1.4026325406110844,-9.993278018957588,2.2101300327072355,9505,4
263,stroke_severity_arrival,3.0,-15.692820829572156,-9.879612842359347,-8.612235175110982,-7.189369320205296,6.583508343209978,-8.394473546586262,2.0584279047971163,8240,4
264,stroke_severity_arrival,4.0,-12.82564652271103,-6.113296460317215,-4.699213223780389,-2.8802826867444673,16.884912041369827,-4.538439802612999,2.3957368232599645,6490,4
265,stroke_severity_arrival,5.0,-10.48805478580529,-4.192910701740766,-2.870687795478152,-1.399937859053025,4.364132902517449,-2.8389828648808146,2.0506271467424946,5235,4
266,stroke_severity_arrival,6.0,-13.10826249269303,-1.8186492787057067,-0.17393544471357017,0.9606968169828178,5.228984622743447,-0.41533447975052734,1.9568560951683502,4310,4
267,stroke_severity_arrival,7.0,-9.92672099085059,1.756086959410459,2.925206488519907,3.6667885681975165,15.585247732135468,2.697653714175159,1.6561798238645342,3185,4
268,stroke_severity_arrival,8.0,-5.933441436737776,4.290510792515706,5.3775072761549385,6.186103669335134,14.114145328078884,5.1324295755406375,1.680740805668739,2745,4
269,stroke_severity_arrival,9.0,-6.714555847364245,5.508554582856595,7.0726954821520485,8.677213500819635,15.534985005359632,7.003814497298274,2.1035391566291097,2160,4
270,stroke_severity_arrival,10.0,-1.182618392276345,7.321196956447093,9.030800291129854,11.006548725637257,15.835817039192188,9.029887166089875,2.4537938871424463,1920,4
271,stroke_severity_arrival,11.0,-9.707471527005545,8.055252425707877,9.90431015885435,12.11108274984639,25.874778679629088,9.923099339535739,2.845628656671683,1645,4
272,stroke_severity_arrival,12.0,-3.4228123536333444,8.454226154523786,11.866367965033277,14.006597806260979,35.21796873482876,11.26463417147343,3.656061788229167,1450,4
273,stroke_severity_arrival,13.0,-2.046014098082669,9.391926151497174,13.152332432174589,15.92368317665503,25.254594719517044,12.809901238416055,4.115360091647414,1270,4
274,stroke_severity_arrival,14.0,-1.1129909141024108,10.398455031946067,14.627816004680934,17.999081711162,38.44335018139565,14.543828074939904,5.248926129055335,1215,4
275,stroke_severity_arrival,15.0,0.3398460075003095,9.810717089690153,14.617481260784551,17.91727175526612,33.06641983476467,14.271298118810046,5.344128471759552,1155,4
276,stroke_severity_arrival,16.0,0.08904720228398219,10.813383386164787,16.105660945347044,20.298455382009852,72.0956281281542,15.900298942454903,6.221235744998887,1125,4
277,stroke_severity_arrival,17.0,0.21302039175992832,9.120754656093196,14.374994679803494,18.65829836641904,39.47041616340517,14.182452672794621,6.191984620259457,1165,4
278,stroke_severity_arrival,18.0,0.7613001649279613,9.777272020820527,15.712831828224006,20.365189236109146,34.38106334209209,15.440939035199671,6.7324873851456974,1100,4
279,stroke_severity_arrival,19.0,-4.363191002081148,9.133852140298114,14.718008973856922,19.65424018822028,45.352042275881395,14.912895148408456,7.24668899376777,1060,4
280,stroke_severity_arrival,20.0,-3.7844538905122316,7.121582698559505,12.75877193421009,18.900471231450794,54.92341692459071,13.724455623041822,8.613223052003372,990,4
281,stroke_severity_arrival,21.0,-4.405960529507138,5.553673315560445,11.169647753271274,18.35400036352803,76.99579619777855,12.703008015692884,9.314115327405073,915,4
282,stroke_severity_arrival,22.0,-3.9146128515270537,7.179594402830698,13.787255298186793,20.457242248639812,69.1387687118398,14.843582460738055,9.884651267999333,830,4
283,stroke_severity_arrival,23.0,-7.53329552498646,3.4775905261049047,8.750425901464187,16.34552925317432,71.06073283290957,10.47600547008571,9.73616001594813,775,4
284,stroke_severity_arrival,24.0,-9.522329450522085,0.4246447554929182,6.094358577516395,13.738338433899917,61.70598804312525,7.4281395762193725,8.766883600781586,665,4
285,stroke_severity_arrival,25.0,-12.459272112941836,0.7638503922498785,4.913223366434686,11.422182840052994,52.06927094328217,6.91800842255403,8.96038074799577,620,4
286,stroke_severity_arrival,26.0,-13.49903423994314,-1.3392951576586347,3.3730283066781706,10.652527308363933,56.95164015232353,5.316795358476522,9.652686811308614,525,4
287,stroke_severity_arrival,27.0,-13.75197121298872,-3.589547659092932,7.940634619444525e-05,7.8766081511764785,46.43150837074499,2.9274455787014393,9.356649931198575,445,4
288,stroke_severity_arrival,28.0,-14.056914008064195,-5.5143160097918,-2.2519634957285595,3.2801402227999645,31.186835105337668,-0.13672722921077554,8.37984347269972,345,4
289,stroke_severity_arrival,29.0,-13.420679936539381,-7.051067749632639,-3.2988019164954316,0.4238586282439064,37.68963927546051,-1.8791052731538025,7.7363393488275545,270,4
290,stroke_severity_arrival,30.0,-15.848243564809673,-9.86753466845199,-6.098784007143695,-1.4294422381251934,37.32216603959678,-4.6873326045847605,7.619929336774894,230,4
291,stroke_severity_arrival,31.0,-17.67196406868519,-10.730084568734746,-6.348091065266635,-2.7916001012246126,57.86046864037635,-5.097177737012264,9.404728477797605,155,4
292,stroke_severity_arrival,32.0,-15.72782050912734,-11.850222406774993,-7.3738764090731275,-1.846284635257616,52.64744200281566,-4.618676774157516,10.76084057778244,130,4
293,stroke_severity_arrival,33.0,-17.984857726802584,-11.655458337906747,-8.39578088061884,-4.615769938263111,34.336894282428545,-6.989536197041451,7.9897730358652135,80,4
294,stroke_severity_arrival,34.0,-17.83066382035846,-13.565532339719649,-9.97654799394775,-1.7346805948152906,28.756719695490318,-6.606891439289464,9.417187333840191,90,4
295,stroke_severity_arrival,35.0,-18.35095953477081,-14.035847251962405,-10.375371201990639,-4.802329752260121,15.2382758943527,-7.940992016842138,7.990165166156695,65,4
296,stroke_severity_arrival,36.0,-18.688612150936386,-14.995698422928108,-12.335552127659321,-7.972019197423361,5.4352982004219665,-11.056229840955544,5.606955569172441,50,4
297,stroke_severity_arrival,37.0,-19.17732732929755,-14.612144437432288,-11.996376944994553,-7.967176080888603,23.888590209397954,-9.826153633294979,7.9274265715121555,35,4
298,stroke_severity_arrival,38.0,-20.78041963066906,-17.41003747030161,-14.850054327424733,-11.664654832929955,94.27413283543196,-10.920224277762419,17.241141685991007,50,4
299,stroke_severity_arrival,39.0,-23.599830928689336,-19.970844321940092,-17.210363033923787,-14.267854992102366,18.356156631880438,-14.416199691790741,9.655407707010385,25,4
300,stroke_severity_arrival,40.0,-26.438177746450528,-20.31384008003457,-18.03681574465707,-14.646332291391154,37.34305847421056,-14.877311744082476,11.0685384154205,70,4
301,stroke_severity_arrival,41.0,-17.776151168523356,-15.922794171110727,-7.074259278106037,10.41416684780037,57.0481837057136,3.3142139771596826,25.56552281215379,15,4
302,stroke_severity_arrival,42.0,-26.636208159029483,-18.62257685962133,-14.188213665245566,-7.086006594833162,39.19918195841601,-11.019680355020709,10.94490749237001,90,4
303,prior_disability,0.0,-23.18565736186225,-2.744447832162259,-2.2114047839539124,-1.1940205030224753,14.966921868685167,-1.792454179330676,1.4743866534881844,39150,4
304,prior_disability,1.0,-6.516583463465795,-0.6345996546803507,-0.2599454406858422,0.08551040412916336,17.156020827335304,-0.27281568070223444,0.7286448275803571,13640,4
305,prior_disability,2.0,-8.69034060124308,1.4710460202815012,2.558960015559569,3.252280594795011,17.828605216727592,2.3065281192200664,1.4706246201206836,8855,4
306,prior_disability,3.0,-13.863442554003559,-0.010897323456592858,3.077222390258685,5.4136939908179915,16.46283013954293,2.723025304587377,3.266377832236077,9815,4
307,prior_disability,4.0,-18.75806496977806,-4.522064459424,-1.0952223829180001,3.222144762459211,21.642201572149062,-0.35246063819285095,4.907237257793878,4680,4
308,prior_disability,5.0,-24.670276622595267,-10.671488186963835,-7.673077872502618,-3.352770555979805,30.331138607217,-6.199929757431738,5.969783587970201,1235,4
309,age,0-60,-29.452713713203558,-3.5397623991878935,-2.5042429386661387,-1.0772943911998298,69.13422128291568,-1.3512573752433292,5.079777247700517,12115,4
310,age,60-80,-14.496077144148295,-1.821395519208163,-0.778428061135346,0.1834648690838367,33.332518800913824,-0.6824701525365949,1.8341178511163843,34130,4
311,age,80+,-20.871318322911392,-1.7098446111904924,0.5578133461892139,2.1462782957730817,15.4584468008345,-0.17353924650747807,3.388813700148639,31135,4
312,diabetes,0.0,-6.55286840866087,-0.796545495154569,-0.6457083521736786,-0.4667729029757902,3.333777328401338,-0.6176933222853308,0.38514637702182575,59895,4
313,diabetes,1.0,-16.003119963426144,1.62838417861145,2.1682175111118704,2.701182893430814,31.084627606617286,2.088403861780548,1.3500797425215874,17490,4
314,precise_onset_known,0.0,-6.775617434331216,0.44724764008075,0.6757648876588792,0.8413075275043957,5.887548546949401,0.6443584074507752,0.4577465299991222,52465,4
315,precise_onset_known,1.0,-13.43450242440391,-1.5930959985556545,-1.2615582706185524,-0.7730184528371319,12.148109737876803,-1.217985545797481,0.819272611232985,24920,4
316,infarction,0.0,-24.404166467172328,0.15895181389991192,2.6031664447207006,3.8215253883076366,18.56801504427334,1.7362887960280575,3.0287042080188686,9765,4
317,infarction,1.0,-7.923462034312543,-0.8190969197050435,-0.5892240323359147,-0.2760413270699792,4.97950487092603,-0.46814746553270137,0.5777339184202596,67620,4
318,IMD_2019_QUINTILES,1.0,-22.07333012969233,0.16252975150942803,0.6977549844468013,1.1029163680365308,16.417658510254697,0.5570577497168971,1.0959447745975641,15480,4
319,IMD_2019_QUINTILES,2.0,-11.646130566429347,-0.04475261410232633,0.1306244633672759,0.3137726650480181,9.263001107801683,0.13053715981123126,0.64826332576422,15465,4
320,IMD_2019_QUINTILES,3.0,-7.470964120132849,-0.041079602841055024,0.07318368132459,0.2292589997779578,12.91386149050668,0.11113021001285969,0.48237540499039194,16040,4
321,IMD_2019_QUINTILES,4.0,-8.543793285507709,-0.494622338891495,-0.309613027498126,-0.11394003456458449,8.69891173930373,-0.25430129841937377,0.5716122966160327,15565,4
322,IMD_2019_QUINTILES,5.0,-11.811785985995083,-0.9567869800084736,-0.7355074442573823,-0.4155816104263067,16.816137652352918,-0.6599432028689929,0.8298181685417239,14835,4
323,any_afib_diagnosis,0.0,-5.800101696522907,-0.2783885611593723,-0.13798454134725036,0.032177947133313865,6.956796297263354,-0.13816242704272397,0.40315407351071975,58490,4
324,any_afib_diagnosis,1.0,-10.025530389072374,0.1372062087804079,0.7335146146640181,1.121282259868458,13.834892201926559,0.6400388503988312,0.8603102300863352,18895,4
325,eth5,Asian or Asian British,-5.195409985892475,1.3206386402377392,2.0735735340300017,3.165800368194468,30.453139461660758,2.7068851816864394,2.5725197565064297,3770,0
326,eth5,"Black, Black British, Caribbean or African",-0.5766350165335461,7.52213807085529,9.123040211377665,11.273064737003297,64.05573357145302,10.168896667447633,4.871218510137061,2130,0
327,eth5,Mixed or multiple ethnic groups,-1.9109213899075985,4.990779468114488,7.355134702255018,9.691742586859036,35.82467875487171,8.09661962000252,4.4207984046165105,500,0
328,eth5,Other ethnic group,-1.604029440889135,2.1493018201366065,3.303732366785407,5.085861350810156,31.330724432002754,4.0988904430228645,3.378236132331043,715,0
329,eth5,White,-2.030977013669908,0.2716843139193952,0.3248637535376474,0.3803093516547233,2.0490106856590136,0.33706120193784095,0.1341281821207571,69830,0
330,eth5,Asian or Asian British,-5.76611629087478,1.1459772106120363,1.8183419284038245,2.59834941200912,19.033830396719278,2.2127668429507117,2.1634600092785528,3925,1
331,eth5,"Black, Black British, Caribbean or African",-2.9314023846015336,7.200885415073717,8.605031344390008,10.32914584975224,53.44321238537319,9.449924532599587,4.137470052120457,1980,1
332,eth5,Mixed or multiple ethnic groups,-8.962930942066015,4.513635202497244,6.380024605216459,8.613712486010044,32.609204005319626,7.160745007274929,4.409457682529039,490,1
333,eth5,Other ethnic group,-2.5228766866400836,3.2684771432727575,4.514698318373412,6.581218841337541,35.988659853097055,5.422034816712445,3.692767247714191,715,1
334,eth5,White,-1.3306375717243646,0.24621558143859149,0.27636831682466434,0.3150522067712154,1.8204106833133846,0.2889803804639439,0.09619478165103812,69845,1
335,eth5,Asian or Asian British,-6.234757804591209,0.04263182652182877,1.0185762045532465,2.3809451761725358,35.05050078673288,1.584531179923802,2.6182012135257473,3805,2
336,eth5,"Black, Black British, Caribbean or African",0.23330753047019243,7.136244174055755,8.610081233419479,10.646460519842803,67.94815457515419,9.895060925328512,5.234354685884806,2030,2
337,eth5,Mixed or multiple ethnic groups,-0.59849818341434,4.757259123753757,6.289756338493898,8.34128149228869,27.1241984898597,7.001877005036592,3.682656392398203,520,2
338,eth5,Other ethnic group,-7.938892146376893,2.664968296131119,3.9562494038697333,6.1595936326682565,27.90268652324565,4.81542350027402,3.9651960796324426,705,2
339,eth5,White,-1.654347938913852,0.12131175109185278,0.1856502141803503,0.26699932055082176,2.3997110745031387,0.21352951695601904,0.1725354263367426,69890,2
340,eth5,Asian or Asian British,-6.3899333442305215,1.3109105484001338,2.170858454632107,3.506057025175542,26.729679656596854,2.9218822577162733,2.785712982811315,3785,3
341,eth5,"Black, Black British, Caribbean or African",-1.8848519551567733,7.2444354294799265,8.657081974707545,10.394337719809265,42.60885196281597,9.62576403588255,4.11166815722862,2085,3
342,eth5,Mixed or multiple ethnic groups,-0.4463373539224267,4.789004282886163,6.319603286562487,8.384101589880883,80.95130518004298,7.532633851605804,6.362015818102343,525,3
343,eth5,Other ethnic group,-4.58660266187042,3.1626499930396674,4.1300651162536814,6.130113499432336,20.93180830175057,5.025063697359812,3.2002124129297655,660,3
344,eth5,White,-1.3473821525089442,0.36002312844619155,0.40866091014351696,0.4866016550525092,2.3707724452391266,0.4462150483750077,0.15144834886183225,69985,3
345,eth5,Asian or Asian British,-6.228609291687608,0.6877774708578364,1.5036973907984794,2.8897335306089373,40.65567304773256,2.3285882472632484,2.971409639169903,3855,4
346,eth5,"Black, Black British, Caribbean or African",1.2499016072880478,7.299868580312468,8.641608195016161,10.633061718153767,45.09363443855196,9.658622552922685,4.217931874635361,2080,4
347,eth5,Mixed or multiple ethnic groups,-0.6571316462941468,4.386426678997231,6.447865476841107,9.04412950533675,31.778756898799912,7.2616546360966945,4.134974631967256,525,4
348,eth5,Other ethnic group,-3.5013364028558134,2.7505983503255993,3.893819150724448,5.771337498575449,25.38862282877788,4.841033845420606,3.4871153034171107,720,4
349,eth5,White,-1.7938543181680142,0.26855326935765333,0.34474659090396015,0.444445358235389,3.040925841424614,0.37168997310697127,0.1652784760599357,69780,4
350,covid_status,Infection & vaccination,-0.09898752799257636,3.927450030222535,4.896489681089297,6.228983451239765,18.392418035855517,5.320932402041181,2.3505764094651487,1020,0
351,covid_status,Neither,-7.039442191086709,-0.16015323823317884,-0.10866308961994946,-0.04443263124674558,5.7220250478480015,-0.1010214540596882,0.19163746235306348,49995,0
352,covid_status,Only infection,-7.177871536500752,1.5065274003241211,2.8871677826251836,4.508959734048695,29.011517866058274,3.1347063770708776,3.2797292732108185,670,0
353,covid_status,Only vaccination,-12.594294576141984,-0.9826105742657091,-0.6883896318264305,-0.3901049226010218,7.963308859439567,-0.7006606702775718,0.6846171753684204,25700,0
354,covid_status,Infection & vaccination,-29.26649370258674,3.0226410879800096,4.230629170816392,5.64855681059882,17.620050801336767,4.380750780182089,2.6159609843193974,1010,1
355,covid_status,Neither,-10.387717005112208,-0.3791520301066339,-0.2633447578642517,-0.15916599828749894,4.920159737123177,-0.27552191099702095,0.27606168066918474,50080,1
356,covid_status,Only infection,-13.00090035006404,1.3000755670666695,2.586219990896061,4.042523836810142,24.500630990602076,2.75074378668634,2.8874294678270824,645,1
357,covid_status,Only vaccination,-13.570080952439458,-1.3582990654662717,-1.0677383018517868,-0.7751048221497331,8.263094325414858,-1.0908795014040173,0.6863748301446937,25650,1
358,covid_status,Infection & vaccination,-8.577695852294564,2.7577858176268637,3.5745480170845987,4.806906148456037,22.17797123104334,3.863111430524481,2.3116809070289537,1065,2
359,covid_status,Neither,-4.268193530477584,-0.3128214499168098,-0.24466499952599408,-0.1465517402999103,5.562828464712948,-0.2200111948155874,0.2580401797863852,50005,2
360,covid_status,Only infection,-11.972226269301027,0.25867957819602455,1.574751749895513,3.1009372824290766,22.84881623490248,1.9556899703861637,3.414637844037063,665,2
361,covid_status,Only vaccination,-9.25798385201022,-1.6781322431284935,-1.444142416259274,-1.1268158134259283,13.621965413372964,-1.4251857329941853,0.7681627057386037,25645,2
362,covid_status,Infection & vaccination,-8.046690403847023,3.2627818519435823,4.65009635945782,6.028290194591973,33.872472868887705,4.760564244839702,2.8232168845382155,1045,3
363,covid_status,Neither,-5.0279115989990535,-0.2606925460882485,-0.216049018856138,-0.1674218961596489,4.012679293528199,-0.22756027180427857,0.2359543104614676,50025,3
364,covid_status,Only infection,-7.236188313644379,0.5294199600885623,1.9057312888186426,3.4407305157813246,22.810298469997942,2.269746136452395,3.1697687903350733,670,3
365,covid_status,Only vaccination,-12.477136478531174,-1.2729452290106564,-1.0048072734754532,-0.7790213770931587,13.461050172396936,-1.0205581943342639,0.7176828017357637,25650,3
366,covid_status,Infection & vaccination,-6.493209234217211,4.555889257739764,5.754057500213385,7.1742875052755695,34.44650028185919,6.019098729837227,2.9227161620191153,1060,4
367,covid_status,Neither,-5.464870420638472,-0.019333439711481333,0.030338630955666305,0.08664827167638578,4.602699320507236,0.036439110146092704,0.2005937658020858,49985,4
368,covid_status,Only infection,-11.241853951732628,2.5496258837589996,3.9645724952267485,5.2210641372436655,20.608833175678736,4.029096224241492,2.968219811489724,670,4
369,covid_status,Only vaccination,-9.590427318569272,-0.8029387375153602,-0.5968664338812232,-0.41444576418958606,13.740078391358256,-0.6156329429016576,0.5436966245851544,25675,4
370,Treatment_time_270_both,Early IVT & early MT,-8.82764406537637,-3.740898518450558,-1.6585005440749228,0.7472013267828151,24.91196509100497,-0.7338991274121157,4.718205828208319,385,0
371,Treatment_time_270_both,Early IVT & late MT,-10.000093368329107,2.033646945040673,4.715761158466339,9.11732124183327,49.41450481262058,5.9762724982564,5.945774440263752,385,0
372,Treatment_time_270_both,Early IVT only,-13.238701955825091,-3.029710788046941,-2.199686741409823,-1.2041092287003994,10.083088954892009,-2.157856879134093,1.3406777295457013,7220,0
373,Treatment_time_270_both,Early MT only,-7.658670515883714,-1.3850920339487494,1.3134189330041408,5.764570910846815,29.88477562217042,3.130593473465006,6.42984046518598,190,0
374,Treatment_time_270_both,Late IVT & late MT,-13.117063019573688,-1.651718306131661,1.874603142477572,7.156756922919303,48.8060137719661,3.427355699469661,10.040574545104171,45,0
375,Treatment_time_270_both,Late IVT only,-8.78851298853755,-2.802076260121539,-1.2188694848399608,0.4427818968729116,14.84930311612785,-0.9197103725103883,3.2549600916841004,420,0
376,Treatment_time_270_both,Late MT only,-12.869778192453087,3.835153469033539,5.726057526229415,9.565183474151418,62.03855405254289,7.756252139762402,7.511556556392118,555,0
377,Treatment_time_270_both,No treatment,-1.031254701692378,0.0865857078396948,0.13899714016355574,0.19154918115673353,1.439333661706187,0.11938576229013029,0.17487157962309213,68185,0
378,Treatment_time_270_both,Early IVT & early MT,-13.572360425963998,-5.315831990856677,-3.128891554605216,-0.5907728121429682,29.95777363717556,-2.620849227851514,4.899170563078556,385,1
379,Treatment_time_270_both,Early IVT & late MT,-8.287217178214341,2.49463722512126,4.165339901968837,6.975825706943869,28.471285119093956,5.407030099691046,4.926721164313441,395,1
380,Treatment_time_270_both,Early IVT only,-8.745616431981325,-2.6084144081547858,-2.1908602015301586,-1.2919375097751618,15.678152777869254,-2.016424382426513,1.239639605908534,7460,1
381,Treatment_time_270_both,Early MT only,-5.996781255863607,0.05493795501999557,2.5993407304026186,6.08842902188655,29.60054779034108,3.471126080754304,4.924803499034125,185,1
382,Treatment_time_270_both,Late IVT & late MT,-6.3361066291667525,-0.12018544875085355,2.646694824844599,7.134033576510847,38.86719324246049,4.853492567956328,8.911486417428419,45,1
383,Treatment_time_270_both,Late IVT only,-8.82504367088899,-2.6070645730150863,-1.1371131002996118,0.5155572346923873,26.428181450311094,-0.5293833984939746,3.908635486226521,415,1
384,Treatment_time_270_both,Late MT only,-12.71799477954395,2.059270292397123,4.549450523527339,8.581468487309756,41.551712065655735,5.728143522060574,5.856870875180561,535,1
385,Treatment_time_270_both,No treatment,-2.747872016672045,0.2974090435914695,0.40442425877321514,0.5087072570086457,4.312578469142318,0.37466507256427223,0.3144821674606235,67970,1
386,Treatment_time_270_both,Early IVT & early MT,-24.82620028231293,-6.79798659324646,-4.476124629937113,-1.169722529500723,20.892622855519875,-3.8778516431692687,5.12529656844516,370,2
387,Treatment_time_270_both,Early IVT & late MT,-6.689574897615239,1.7058409170550295,3.938035398935899,7.824436373823556,59.366992188151926,5.94676961945497,7.295545912001424,390,2
388,Treatment_time_270_both,Early IVT only,-14.347119699623436,-5.18241134354379,-4.06957134468481,-3.205343290315941,9.05290587337222,-4.2289329627180114,1.703185031312453,7310,2
389,Treatment_time_270_both,Early MT only,3.20151570815593,12.753074139850213,16.061963738221674,20.56510932087898,60.16364988191053,17.89968777510006,8.825261528934613,190,2
390,Treatment_time_270_both,Late IVT & late MT,-13.169627620275133,-6.487620818205178,2.1430521827191114,7.5447156224399805,23.316536431610583,2.0145778647442727,9.620607628939911,35,2
391,Treatment_time_270_both,Late IVT only,-10.92506467473111,-3.9064555010572075,-2.1980164552328643,-0.39668933119624855,44.92907885822933,-1.5832928442030647,4.850017107743808,415,2
392,Treatment_time_270_both,Late MT only,-7.029331176432315,2.2549480808293447,4.8638791932724414,8.003702893145382,39.49782659187913,5.8182435518618325,5.652380208017666,490,2
393,Treatment_time_270_both,No treatment,-2.3708315034396947,0.36094085530377923,0.4898379709012806,0.6785540456650778,4.64431753648445,0.47285531489794386,0.41743248630579693,68180,2
394,Treatment_time_270_both,Early IVT & early MT,-14.976263502892106,-4.746794192437083,-2.5615033016726376,-0.19236980037763715,17.04662236792967,-2.1433730519097747,4.222971031775158,415,3
395,Treatment_time_270_both,Early IVT & late MT,-9.646544472835958,1.2383152787201106,3.89601944766473,7.249372772506904,32.374887494035065,4.894405356385471,5.485483739775924,405,3
396,Treatment_time_270_both,Early IVT only,-7.5599560810811814,-1.295765603967011,-0.869151544328779,-0.5838557873293757,8.78941254261881,-0.9825614812543685,0.9601756260828387,7280,3
397,Treatment_time_270_both,Early MT only,1.1964962201751768,7.730380802713334,9.91837148943916,14.321044733081944,78.5064392045699,11.873499078526377,7.683664803129581,190,3
398,Treatment_time_270_both,Late IVT & late MT,-4.332227692836896,0.6716882687527687,5.555031490637921,8.521546100899577,23.393845283687114,5.4288764019302445,6.449809086512715,30,3
399,Treatment_time_270_both,Late IVT only,-11.682985601395194,-2.295303003747249,-0.7615639202762394,1.222556929701641,17.32756812470034,-0.20248029279088828,3.3309713568217423,420,3
400,Treatment_time_270_both,Late MT only,-9.91843794286251,5.123031108258292,7.5823473594989625,10.444847890135133,35.47888597961515,8.296097998953854,5.235060691219383,520,3
401,Treatment_time_270_both,No treatment,-1.75342384560965,0.128928945499938,0.19607099368236958,0.26769421628909185,1.2968196249101311,0.20166230037193134,0.1588933996220934,68125,3
402,Treatment_time_270_both,Early IVT & early MT,-14.589991083368659,-4.589091565068811,-2.326816407814622,0.04715169155038893,24.410241396576165,-1.6637755601495554,4.616638119921092,380,4
403,Treatment_time_270_both,Early IVT & late MT,-8.614689055113121,3.102109432204161,5.430673892744817,8.23341614339035,27.912196377813817,5.998774848673693,4.663252987960729,370,4
404,Treatment_time_270_both,Early IVT only,-11.83981186604593,-2.843326932694763,-2.3909682594425976,-1.7096091856015847,10.75027680712752,-2.286757690737615,1.243630454471149,7345,4
405,Treatment_time_270_both,Early MT only,-7.842294456511736,1.8846686162007973,5.198277529124171,8.045869057402015,32.48804188720882,6.198575853233719,7.0969028798318,205,4
406,Treatment_time_270_both,Late IVT & late MT,-9.256129476577044,-1.7407782121980562,5.279319683834911,12.527466372586787,41.95133719064295,7.005044739540094,10.566829299177703,40,4
407,Treatment_time_270_both,Late IVT only,-11.01366910056211,-2.548724415041506,-0.9861951941996813,1.0558451552176848,60.3704014858976,0.2186211986735303,6.285310114212536,420,4
408,Treatment_time_270_both,Late MT only,-3.4553967706300317,5.259131455603056,7.5426024323003364,10.432136496615131,74.03086453609168,8.589750571712617,6.178952175302065,515,4
409,Treatment_time_270_both,No treatment,-0.8335184191539884,0.23863263059407472,0.3264131223410368,0.40637073343619706,2.2555003587901594,0.32998216513286877,0.20054516466812838,68110,4
410,onset_in_hospital_or_arrival_within_6hrs,Onset in hospital,-3.0978974598576317,9.95930952714756,13.184954692777247,15.13739430518821,46.50483132761903,12.630205815577865,3.6109258822755557,3875,0
411,onset_in_hospital_or_arrival_within_6hrs,Onset to arrival beyond 6 hours,-6.903988702758215,0.06708822341635823,0.1273924421519041,0.2154160922439769,12.265344700133427,0.1615224626570778,0.28320385114358104,41270,0
412,onset_in_hospital_or_arrival_within_6hrs,Onset to arrival within 6 hours,-10.091519433800132,-1.1602407631347886,-0.554284532731399,-0.31009999573929237,11.23900983816944,-0.7365756318264781,0.6559963139136298,32240,0
413,onset_in_hospital_or_arrival_within_6hrs,Onset in hospital,-3.7630863590352237,9.27497574870009,12.58613690563012,14.769356374912896,44.71390784844523,12.120759509800159,3.8752198797482516,3955,1
414,onset_in_hospital_or_arrival_within_6hrs,Onset to arrival beyond 6 hours,-6.4915276439487934,-0.0859434206422884,0.021633590245619415,0.18612449000356718,9.15219243323896,0.05210313892787656,0.3270820899330036,41735,1
415,onset_in_hospital_or_arrival_within_6hrs,Onset to arrival within 6 hours,-7.226938029732555,-1.1457202021405102,-0.6065332906600088,-0.4291350226290524,4.240027853637002,-0.8157613204691258,0.6698335009094836,31695,1
416,onset_in_hospital_or_arrival_within_6hrs,Onset in hospital,-8.507604403612204,10.392104880372063,13.412960447266233,15.646230601945426,35.8723854990257,12.929002932290292,3.8150986375949123,3920,2
417,onset_in_hospital_or_arrival_within_6hrs,Onset to arrival beyond 6 hours,-6.502868713336065,-0.3523483970900998,-0.18670176628162155,-0.05156052806414664,6.987572506433353,-0.1672254588339761,0.33562284159876277,41720,2
418,onset_in_hospital_or_arrival_within_6hrs,Onset to arrival within 6 hours,-10.726895963440183,-1.1697573782736435,-0.36164888985455035,-0.11913209660444408,11.820351914265194,-0.6238016760996824,0.7352346318424895,31740,2
419,onset_in_hospital_or_arrival_within_6hrs,Onset in hospital,-3.55380350217456,10.565854854094214,13.670722003419652,15.650899481506785,36.28994232116733,13.151308734580399,3.527182169722513,3850,3
420,onset_in_hospital_or_arrival_within_6hrs,Onset to arrival beyond 6 hours,-7.440987647771835,0.02998349627829157,0.12207263762596994,0.21534249614924192,9.280373438545503,0.14406421820164378,0.3280597574843946,41430,3
421,onset_in_hospital_or_arrival_within_6hrs,Onset to arrival within 6 hours,-12.773917488828301,-1.0727793301735074,-0.6071198759134859,-0.3256951811350882,7.958364215344191,-0.7481916439799704,0.6986507277694539,32105,3
422,onset_in_hospital_or_arrival_within_6hrs,Onset in hospital,-1.1535124815255404,9.642941773557103,12.832799349050038,15.207030928105814,35.39651504957117,12.479174155445401,3.701923164744303,3930,4
423,onset_in_hospital_or_arrival_within_6hrs,Onset to arrival beyond 6 hours,-6.46471697782632,-0.060206523117376495,0.013615078644361346,0.1229279629769735,6.001385537458118,0.04649463669525972,0.30590524354866494,41385,4
424,onset_in_hospital_or_arrival_within_6hrs,Onset to arrival within 6 hours,-10.2517414974235,-1.080878156516701,-0.6672412249119952,-0.3143119753943756,9.394789806865155,-0.7457181313471096,0.6008734860966247,32070,4
